,id,date,code,name,open,high,low,close,volume,money,change_pct
0,1875614,2020-04-21,801170,交通运输,2077.75,2077.82,2045.37,2059.47,1605931586.0,10140732120.5,-0.76
1,1875082,2020-04-20,801170,交通运输,2076.88,2076.88,2068.9,2075.17,1292404407.0,9259093304.06,0.28
2,1874550,2020-04-17,801170,交通运输,2059.97,2079.91,2058.84,2069.34,1455451554.0,11159021045.08,1.34
3,1874018,2020-04-16,801170,交通运输,2039.66,2044.68,2034.95,2042.06,1090124252.0,7090521093.52,-0.31
4,1873486,2020-04-15,801170,交通运输,2062.53,2062.54,2045.94,2048.5,1261218582.0,8429389868.69,-0.6
5,1872960,2020-04-14,801170,交通运输,2043.28,2060.79,2039.53,2060.79,1143628376.0,7651814099.35,1.16
6,1872428,2020-04-13,801170,交通运输,2045.6,2045.74,2033.71,2037.12,1080744222.0,7138782464.6,-1.06
7,1871896,2020-04-10,801170,交通运输,2078.73,2078.76,2047.57,2058.91,1364238382.0,8657989114.52,-0.82
8,1871364,2020-04-09,801170,交通运输,2076.49,2081.92,2071.22,2075.96,1345643454.0,8609452603.93,0.25
9,1870832,2020-04-08,801170,交通运输,2054.02,2077.96,2048.16,2070.84,1690395579.0,10729012464.02,0.45
10,1870300,2020-04-07,801170,交通运输,2045.73,2064.83,2044.57,2061.5,1778184471.0,11852414042.79,1.84
11,1869768,2020-04-03,801170,交通运输,2021.67,2031.12,2018.97,2024.33,1342760262.0,9039027552.04,-0.04
12,1869236,2020-04-02,801170,交通运输,1995.06,2025.13,1989.6,2025.13,1265523152.0,8280145237.61,1.07
13,1868704,2020-04-01,801170,交通运输,2015.53,2034.89,2003.02,2003.64,1407382245.0,9774930457.32,-1.1
14,1868172,2020-03-31,801170,交通运输,2018.59,2035.3,2005.75,2026.02,1786819749.0,11637018569.19,1.42
15,1867640,2020-03-30,801170,交通运输,2007.3,2007.46,1986.15,1997.67,1518844661.0,9601288146.02,-1.48
16,1867108,2020-03-27,801170,交通运输,2052.33,2052.7,2026.36,2027.59,1560681802.0,9865156248.39,-0.29
17,1866576,2020-03-26,801170,交通运输,2041.02,2054.03,2031.65,2033.56,1666313974.0,10359925296.98,-0.89
18,1866044,2020-03-25,801170,交通运输,2039.81,2054.35,2028.8,2051.87,2008471860.0,12431695024.51,2.73
19,1865512,2020-03-24,801170,交通运输,1987.95,2003.57,1963.32,1997.35,1532390180.0,10013288581.47,2.02
20,1864980,2020-03-23,801170,交通运输,1975.89,1985.82,1957.8,1957.85,1695721071.0,11190386554.47,-3.35
21,1864448,2020-03-20,801170,交通运输,2011.27,2025.63,1997.7,2025.63,1803468708.0,11963162838.78,1.57
22,1863916,2020-03-19,801170,交通运输,2016.68,2030.19,1960.89,1994.31,2202114048.0,14552955911.99,-1.52
23,1863384,2020-03-18,801170,交通运输,2068.92,2082.33,2025.01,2025.01,2114123551.0,13430341436.21,-1.63
24,1862852,2020-03-17,801170,交通运输,2077.56,2104.36,2014.49,2058.52,2209966590.0,13868751126.12,-0.96
25,1862320,2020-03-16,801170,交通运输,2152.88,2152.88,2078.57,2078.57,2597975896.0,16306949962.9,-2.89
26,1861788,2020-03-13,801170,交通运输,2082.31,2156.16,2082.31,2140.39,2989560139.0,18602629026.56,-1.66
27,1861256,2020-03-12,801170,交通运输,2191.63,2191.63,2163.21,2176.62,3099798541.0,19023695038.27,-2.12
28,1860724,2020-03-11,801170,交通运输,2214.45,2248.62,2207.95,2223.85,4054193363.0,23128570755.52,0.89
29,1860192,2020-03-10,801170,交通运输,2159.19,2204.17,2136.56,2204.17,3129612471.0,19774080577.12,1.11
30,1859660,2020-03-09,801170,交通运输,2199.4,2205.01,2175.04,2179.88,3186733079.0,21023082457.54,-1.09
31,1859128,2020-03-06,801170,交通运输,2203.55,2213.45,2200.14,2203.99,2140481973.0,13787749824.72,-1.15
32,1858596,2020-03-05,801170,交通运输,2207.69,2230.5,2199.44,2229.54,2881838970.0,18053320263.97,1.5
33,1858064,2020-03-04,801170,交通运输,2160.81,2196.53,2160.81,2196.53,2365884201.0,14492904847.52,1.28
34,1857532,2020-03-03,801170,交通运输,2173.02,2197.97,2156.0,2168.69,3047823403.0,17734296688.13,0.7
35,1857000,2020-03-02,801170,交通运输,2097.84,2159.13,2097.78,2153.6,2097709775.0,13952146166.27,3.03
36,1856468,2020-02-28,801170,交通运输,2118.78,2134.61,2086.69,2090.24,2579725858.0,16631003484.69,-3.65
37,1855936,2020-02-27,801170,交通运输,2176.84,2185.01,2162.65,2169.35,1977731578.0,13404250111.3,-0.22
38,1855404,2020-02-26,801170,交通运输,2149.24,2198.35,2143.7,2174.24,2908216593.0,17248783246.9,-0.21
39,1854872,2020-02-25,801170,交通运输,2147.82,2178.86,2124.47,2178.86,3012531117.0,19598728971.1,-0.56
40,1854340,2020-02-24,801170,交通运输,2220.55,2220.55,2177.67,2191.03,2862747241.0,19910768852.98,-2.14
41,1853808,2020-02-21,801170,交通运输,2240.46,2248.76,2233.24,2238.86,2760380866.0,17145809517.72,-0.25
42,1853276,2020-02-20,801170,交通运输,2205.61,2244.48,2205.52,2244.48,2591866222.0,17720964012.02,2.2
43,1852744,2020-02-19,801170,交通运输,2191.27,2213.22,2181.39,2196.13,2189985641.0,15820732801.31,0.09
44,1852212,2020-02-18,801170,交通运输,2195.12,2200.74,2178.08,2194.11,2373446148.0,17336307068.92,-0.13
45,1851680,2020-02-17,801170,交通运输,2147.15,2197.04,2144.93,2197.04,2448809772.0,18481541193.75,2.68
46,1851148,2020-02-14,801170,交通运输,2136.79,2144.49,2128.93,2139.62,1628421142.0,11137072148.67,-0.14
47,1850616,2020-02-13,801170,交通运输,2161.9,2169.6,2139.57,2142.69,1909622801.0,12735479568.3,-0.99
48,1850084,2020-02-12,801170,交通运输,2152.28,2164.16,2147.01,2164.16,1584057048.0,11309050543.75,0.34
49,1849552,2020-02-11,801170,交通运输,2150.34,2167.97,2141.72,2156.8,2083044112.0,13782890880.35,0.53
50,1849020,2020-02-10,801170,交通运输,2118.98,2145.91,2108.47,2145.43,2187717747.0,15366702963.94,0.58
51,1848488,2020-02-07,801170,交通运输,2122.89,2133.11,2104.51,2133.05,2184144594.0,15743887696.59,-0.11
52,1847956,2020-02-06,801170,交通运输,2098.91,2140.18,2081.4,2135.42,2438774339.0,18508488359.48,2.15
53,1847690,2020-02-05,801170,交通运输,2039.48,2091.78,2035.66,2090.48,2525688241.0,18130300604.77,2.68
54,1847158,2020-02-04,801170,交通运输,1946.89,2038.24,1946.89,2035.99,3247857617.0,20646881636.93,0.11
55,1846626,2020-02-03,801170,交通运输,2012.63,2044.65,2012.63,2033.84,1197482855.0,11575807570.55,-8.54
56,1846094,2020-01-23,801170,交通运输,2272.18,2273.13,2209.2,2223.63,2385926902.0,17461804785.59,-2.91
57,1845562,2020-01-22,801170,交通运输,2284.72,2292.88,2265.92,2290.28,1294556404.0,10272214210.62,-0.2
58,1845030,2020-01-21,801170,交通运输,2326.82,2326.86,2294.36,2294.84,1539764716.0,12805825838.16,-1.73
59,1844498,2020-01-20,801170,交通运输,2321.15,2335.33,2309.53,2335.33,1620287357.0,13570367177.05,0.32
60,1843966,2020-01-17,801170,交通运输,2340.04,2344.89,2325.13,2327.84,1132130243.0,8131036026.96,-0.32
61,1843434,2020-01-16,801170,交通运输,2354.81,2355.13,2332.4,2335.22,1202933065.0,8342393143.11,-0.62
62,1842902,2020-01-15,801170,交通运输,2370.14,2370.17,2345.26,2349.86,1220338910.0,9463953405.63,-1.0
63,1842370,2020-01-14,801170,交通运输,2387.26,2391.68,2373.57,2373.62,1522674228.0,11619001286.71,-0.24
64,1841838,2020-01-13,801170,交通运输,2371.51,2379.25,2358.36,2379.25,1363883967.0,10166586560.9,0.19
65,1841306,2020-01-10,801170,交通运输,2382.0,2382.03,2364.02,2374.76,1375181983.0,10323132091.58,-0.1
66,1840774,2020-01-09,801170,交通运输,2363.72,2379.98,2363.63,2377.14,1636720350.0,11570072633.79,1.4
67,1840242,2020-01-08,801170,交通运输,2367.49,2368.14,2339.74,2344.4,1765158369.0,11451172371.85,-1.56
68,1839710,2020-01-07,801170,交通运输,2364.91,2381.54,2362.25,2381.54,1655215916.0,11437359837.77,0.72
69,1839178,2020-01-06,801170,交通运输,2368.31,2381.27,2354.78,2364.57,2039091928.0,14527255308.61,-0.85
70,1838646,2020-01-03,801170,交通运输,2396.41,2398.33,2381.48,2384.88,1743305000.0,11739186851.61,-0.38
71,1838114,2020-01-02,801170,交通运输,2392.38,2398.77,2386.29,2393.93,1893713899.0,13552096247.93,0.52
72,1837582,2019-12-31,801170,交通运输,2367.42,2381.51,2362.71,2381.51,1390428073.0,9761195226.1,0.49
73,1837050,2019-12-30,801170,交通运输,2336.6,2369.94,2330.32,2369.94,1485385646.0,10328569782.0,1.22
74,1836518,2019-12-27,801170,交通运输,2339.84,2359.42,2339.84,2341.41,1402142232.0,9874044565.47,0.01
75,1835986,2019-12-26,801170,交通运输,2324.84,2341.18,2324.8,2341.18,1120803980.0,6707174532.84,0.75
76,1835454,2019-12-25,801170,交通运输,2326.73,2326.73,2315.3,2323.7,1067184406.0,6661902406.17,-0.21
77,1834922,2019-12-24,801170,交通运输,2317.17,2330.11,2310.56,2328.58,1039629558.0,6761875691.88,0.51
78,1834390,2019-12-23,801170,交通运输,2351.56,2351.58,2314.12,2316.7,1364903043.0,9035116737.18,-1.59
79,1833858,2019-12-20,801170,交通运输,2364.1,2369.21,2353.28,2354.09,1445718128.0,9564819853.79,-0.22
80,1833326,2019-12-19,801170,交通运输,2346.19,2361.61,2345.13,2359.21,1358671593.0,9372036878.82,0.64
81,1832794,2019-12-18,801170,交通运输,2351.76,2355.32,2340.13,2344.14,1390605205.0,9316778131.86,-0.29
82,1832262,2019-12-17,801170,交通运输,2329.82,2360.63,2325.69,2350.99,1843663282.0,12482200692.26,0.96
83,1831730,2019-12-16,801170,交通运输,2315.87,2328.53,2305.11,2328.53,1541004101.0,10975472711.0,0.99
84,1831198,2019-12-13,801170,交通运输,2294.75,2312.88,2294.01,2305.76,1674366875.0,12175778817.71,1.52
85,1830666,2019-12-12,801170,交通运输,2278.36,2278.45,2268.88,2271.25,932631824.0,6509832799.87,-0.37
86,1830134,2019-12-11,801170,交通运输,2273.17,2281.64,2270.68,2279.69,1061979738.0,7355761878.7,0.33
87,1829602,2019-12-10,801170,交通运输,2271.5,2272.96,2264.7,2272.14,802854418.0,5885995372.78,-0.12
88,1829070,2019-12-09,801170,交通运输,2284.15,2284.31,2271.07,2274.93,939823740.0,6743674300.07,-0.39
89,1828538,2019-12-06,801170,交通运输,2269.51,2283.78,2264.84,2283.78,913935513.0,6242927002.63,0.83
90,1828006,2019-12-05,801170,交通运输,2254.99,2266.28,2253.29,2264.88,837905200.0,5778132494.95,0.7
91,1827474,2019-12-04,801170,交通运输,2242.66,2251.17,2242.66,2249.04,767875284.0,5220516694.33,-0.13
92,1826942,2019-12-03,801170,交通运输,2242.5,2251.98,2231.67,2251.98,731593874.0,4796939526.0,0.23
93,1826410,2019-12-02,801170,交通运输,2241.54,2250.23,2241.54,2246.74,693765167.0,4906927161.13,0.23
94,1825878,2019-11-29,801170,交通运输,2248.68,2250.31,2228.12,2241.66,752941864.0,5209991431.81,-0.36
95,1825346,2019-11-28,801170,交通运输,2254.09,2259.63,2244.52,2249.86,696201017.0,4943026511.94,-0.03
96,1824814,2019-11-27,801170,交通运输,2264.6,2265.75,2247.16,2250.56,815046969.0,5740969363.5,-0.86
97,1824282,2019-11-26,801170,交通运输,2269.26,2270.48,2257.24,2270.12,1092463942.0,7486945000.6,0.19
98,1823750,2019-11-25,801170,交通运输,2243.24,2265.81,2238.0,2265.81,1055987046.0,6972806932.98,0.94
99,1823218,2019-11-22,801170,交通运输,2259.67,2271.77,2233.89,2244.81,913466940.0,6428886470.31,-0.53
100,1822686,2019-11-21,801170,交通运输,2255.68,2260.83,2245.83,2256.87,699559833.0,5170436052.75,-0.19
101,1822154,2019-11-20,801170,交通运输,2275.36,2279.2,2258.53,2261.21,788090887.0,5949344645.77,-0.64
102,1821622,2019-11-19,801170,交通运输,2254.81,2275.88,2253.76,2275.7,825970611.0,6517880949.28,0.84
103,1821090,2019-11-18,801170,交通运输,2239.34,2258.06,2232.11,2256.7,804314148.0,5806519756.06,0.73
104,1820558,2019-11-15,801170,交通运输,2259.94,2260.71,2240.28,2240.28,869442426.0,6341185095.51,-0.75
105,1820026,2019-11-14,801170,交通运输,2262.06,2262.47,2251.33,2257.2,769986594.0,5949679776.41,-0.12
106,1819494,2019-11-13,801170,交通运输,2275.94,2275.94,2252.76,2259.95,790503140.0,5910075913.35,-0.66
107,1818962,2019-11-12,801170,交通运输,2275.61,2283.84,2259.12,2274.89,857175557.0,6446352513.62,0.13
108,1818430,2019-11-11,801170,交通运输,2311.02,2311.08,2271.76,2271.96,1153601596.0,8117367406.92,-2.16
109,1817898,2019-11-08,801170,交通运输,2345.26,2348.54,2320.39,2322.1,1090741080.0,8239139044.26,-0.28
110,1817366,2019-11-07,801170,交通运输,2329.62,2335.39,2321.04,2328.66,934077375.0,7210456352.99,-0.04
111,1816834,2019-11-06,801170,交通运输,2357.39,2357.52,2323.43,2329.7,1219379255.0,9212809651.32,-1.07
112,1816302,2019-11-05,801170,交通运输,2355.69,2364.65,2337.45,2354.79,1368723035.0,10623759877.47,0.06
113,1815770,2019-11-04,801170,交通运输,2326.84,2356.14,2326.62,2353.34,1574484596.0,12837514105.96,1.32
114,1815504,2019-11-01,801170,交通运输,2297.09,2324.74,2286.98,2322.67,1145041852.0,9899776841.41,0.84
115,1814972,2019-10-31,801170,交通运输,2320.35,2321.61,2298.15,2303.4,1286578252.0,10402158837.68,-0.69
116,1814440,2019-10-30,801170,交通运输,2326.05,2332.55,2315.69,2319.35,1226525215.0,10456377700.29,-0.38
117,1813908,2019-10-29,801170,交通运输,2361.58,2361.63,2328.3,2328.3,1336504127.0,10723337510.49,-1.54
118,1813376,2019-10-28,801170,交通运输,2349.74,2365.42,2347.05,2364.79,1481849422.0,10977508397.42,1.02
119,1812844,2019-10-25,801170,交通运输,2330.19,2343.09,2318.21,2340.83,1053745913.0,8302783971.56,0.55
120,1812312,2019-10-24,801170,交通运输,2345.4,2345.4,2320.88,2328.12,846584387.0,7166666837.41,-0.71
121,1811780,2019-10-23,801170,交通运输,2369.65,2369.65,2339.75,2344.85,1008688768.0,7926401527.05,-1.07
122,1811248,2019-10-22,801170,交通运输,2363.5,2370.49,2354.0,2370.16,998620630.0,7821622116.9,0.52
123,1810716,2019-10-21,801170,交通运输,2360.81,2363.96,2339.79,2357.79,1082470639.0,8528552226.75,-0.25
124,1810184,2019-10-18,801170,交通运输,2401.36,2404.34,2359.2,2363.78,1240595156.0,9579976047.55,-1.46
125,1809652,2019-10-17,801170,交通运输,2402.2,2409.76,2395.43,2398.85,1354683747.0,10663818060.91,0.03
126,1809120,2019-10-16,801170,交通运输,2410.41,2424.05,2397.51,2398.08,1603237655.0,11917243051.82,-0.49
127,1808588,2019-10-15,801170,交通运输,2409.96,2412.33,2398.55,2409.78,1683098676.0,12729935897.02,-0.32
128,1808056,2019-10-14,801170,交通运输,2427.5,2433.23,2413.36,2417.59,1917234723.0,13193627132.69,0.77
129,1807524,2019-10-11,801170,交通运输,2389.28,2404.06,2377.99,2399.1,1639709405.0,10785826669.69,0.81
130,1806992,2019-10-10,801170,交通运输,2337.24,2379.83,2336.24,2379.83,1284806733.0,9090600426.03,2.1
131,1806460,2019-10-09,801170,交通运输,2303.97,2330.99,2301.14,2330.99,815903483.0,7079703634.72,0.89
132,1805928,2019-10-08,801170,交通运输,2327.39,2327.97,2310.46,2310.46,795904431.0,6995117630.18,-0.71
133,1805396,2019-09-30,801170,交通运输,2335.57,2344.01,2325.84,2327.08,757074602.0,5448347126.44,-0.57
134,1804864,2019-09-27,801170,交通运输,2342.78,2345.86,2333.42,2340.43,748761149.0,5765290215.54,-0.03
135,1804332,2019-09-26,801170,交通运输,2369.32,2372.2,2341.09,2341.09,1165856039.0,8121251409.46,-0.85
136,1803800,2019-09-25,801170,交通运输,2375.12,2375.21,2361.01,2361.07,996487735.0,8003010384.36,-0.69
137,1803268,2019-09-24,801170,交通运输,2374.38,2387.63,2371.21,2377.44,974661011.0,8001694782.32,0.18
138,1802736,2019-09-23,801170,交通运输,2397.77,2397.8,2361.14,2373.2,1160113040.0,8751007346.64,-1.33
139,1802204,2019-09-20,801170,交通运输,2408.83,2412.13,2402.47,2405.25,1279258942.0,10489243294.87,0.22
140,1801672,2019-09-19,801170,交通运输,2405.34,2405.89,2389.38,2400.0,906055737.0,7189848313.0,0.11
141,1801140,2019-09-18,801170,交通运输,2386.55,2402.72,2386.48,2397.35,1127780401.0,8757791511.56,0.62
142,1800608,2019-09-17,801170,交通运输,2413.25,2413.28,2377.54,2382.66,1551764039.0,10346730601.33,-1.42
143,1800076,2019-09-16,801170,交通运输,2425.73,2425.73,2409.65,2417.0,1494557129.0,10456301658.75,-0.21
144,1799544,2019-09-12,801170,交通运输,2409.71,2422.13,2401.95,2422.13,1198942719.0,8375442204.0,0.78
145,1799012,2019-09-11,801170,交通运输,2424.27,2424.4,2401.61,2403.27,1284510926.0,9515221469.14,-0.63
146,1798480,2019-09-10,801170,交通运输,2431.89,2431.94,2405.87,2418.51,1502737635.0,10158388279.62,-0.52
147,1797948,2019-09-09,801170,交通运输,2439.64,2439.64,2419.31,2431.2,1650153756.0,11162576866.24,0.37
148,1797682,2019-09-06,801170,交通运输,2415.06,2423.09,2407.85,2422.18,1583244119.0,10373980183.94,0.62
149,1797150,2019-09-05,801170,交通运输,2405.12,2430.19,2405.04,2407.37,2099563664.0,14569431598.63,0.54
150,1796618,2019-09-04,801170,交通运输,2368.99,2394.45,2366.55,2394.45,1524637909.0,10634840946.26,0.97
151,1796086,2019-09-03,801170,交通运输,2373.4,2379.01,2361.95,2371.53,1177649635.0,8404554958.85,-0.08
152,1795554,2019-09-02,801170,交通运输,2345.18,2375.8,2341.31,2373.31,1364173693.0,9170801178.65,1.26
153,1795022,2019-08-30,801170,交通运输,2370.24,2375.32,2337.81,2343.76,1333896809.0,9519457354.71,-0.63
154,1794490,2019-08-29,801170,交通运输,2370.57,2370.58,2351.32,2358.59,1139172247.0,8037901739.85,-0.33
155,1793958,2019-08-28,801170,交通运输,2371.17,2373.25,2356.81,2366.31,1138457495.0,8674631372.4,-0.16
156,1793426,2019-08-27,801170,交通运输,2357.04,2388.02,2356.7,2370.01,1551532952.0,10776279791.6,1.17
157,1792894,2019-08-26,801170,交通运输,2317.6,2348.04,2317.6,2342.58,1338308487.0,8940339512.0,-0.92
158,1792362,2019-08-23,801170,交通运输,2360.31,2368.45,2353.33,2364.39,1300558284.0,9038979321.26,0.3
159,1791830,2019-08-22,801170,交通运输,2352.51,2357.78,2341.83,2357.25,1140204553.0,8362817113.9,0.32
160,1791564,2019-08-21,801170,交通运输,2336.46,2357.03,2333.14,2349.71,1425276837.0,10260215969.19,0.49
161,1791298,2019-08-20,801170,交通运输,2344.85,2351.88,2333.86,2338.28,1520484000.0,11535617949.82,0.14
162,1791032,2019-08-19,801170,交通运输,2300.43,2335.07,2296.26,2335.07,1420797984.0,9917295561.0,2.62
163,1790766,2019-08-16,801170,交通运输,2266.96,2286.29,2262.97,2275.56,949455099.0,7075294012.16,0.41
164,1790234,2019-08-15,801170,交通运输,2223.49,2267.17,2218.66,2266.28,1016233310.0,6989481821.1,-0.05
165,1789702,2019-08-14,801170,交通运输,2285.54,2285.54,2264.71,2267.34,1063596937.0,7867756144.6,0.35
166,1789170,2019-08-13,801170,交通运输,2245.38,2269.79,2241.15,2259.35,995631010.0,7015283277.27,-0.04
167,1788638,2019-08-12,801170,交通运输,2228.92,2260.27,2228.28,2260.27,815449381.0,5692672512.61,1.19
168,1788106,2019-08-09,801170,交通运输,2256.6,2264.02,2231.25,2233.76,1001401796.0,6286828431.52,-0.72
169,1787574,2019-08-08,801170,交通运输,2247.84,2257.64,2245.64,2249.99,862063426.0,6340919592.03,0.41
170,1787042,2019-08-07,801170,交通运输,2273.36,2273.36,2240.73,2240.73,1129208402.0,7709953027.83,-0.96
171,1786510,2019-08-06,801170,交通运输,2272.66,2272.7,2229.14,2262.45,1646809769.0,11137228619.92,-2.16
172,1785978,2019-08-05,801170,交通运输,2350.47,2355.09,2311.97,2312.37,1167032833.0,8935640541.69,-2.09
173,1785180,2019-08-02,801170,交通运输,2355.34,2364.84,2348.47,2361.68,1246486868.0,8622379970.14,-1.55
174,1784648,2019-08-01,801170,交通运输,2415.42,2415.49,2395.78,2398.85,1006143502.0,7678041949.91,-0.99
175,1785712,2019-07-31,801170,交通运输,2432.43,2433.5,2419.22,2422.95,997637369.0,7242701152.02,-0.64
176,1784116,2019-07-30,801170,交通运输,2440.07,2449.98,2435.99,2438.53,1000328009.0,7036523573.72,0.04
177,1783584,2019-07-29,801170,交通运输,2441.7,2443.81,2430.18,2437.58,939852686.0,7130107059.78,-0.28
178,1783052,2019-07-26,801170,交通运输,2418.01,2449.28,2415.8,2444.35,1209730246.0,9034181200.28,0.91
179,1782520,2019-07-25,801170,交通运输,2403.67,2422.29,2399.04,2422.29,1140622577.0,8305198764.42,0.68
180,1781988,2019-07-24,801170,交通运输,2393.6,2413.62,2393.4,2405.93,1032491270.0,7385539194.56,0.69
181,1781456,2019-07-23,801170,交通运输,2381.97,2390.6,2378.62,2389.44,834219275.0,5914291858.91,0.34
182,1780924,2019-07-22,801170,交通运输,2413.5,2413.57,2373.38,2381.41,1173391383.0,7860629506.67,-1.13
183,1780392,2019-07-19,801170,交通运输,2389.31,2422.2,2389.25,2408.73,1004640651.0,6939026203.48,1.23
184,1779860,2019-07-18,801170,交通运输,2401.55,2401.76,2379.47,2379.47,905519576.0,6267356369.76,-1.36
185,1779328,2019-07-17,801170,交通运输,2403.64,2417.31,2397.61,2412.33,917151557.0,6485137836.18,0.3
186,1778796,2019-07-16,801170,交通运输,2405.28,2409.51,2397.95,2405.06,892638255.0,6579040286.92,-0.18
187,1778264,2019-07-15,801170,交通运输,2393.7,2416.25,2366.16,2409.34,1048181072.0,6978972114.78,0.5
188,1777732,2019-07-12,801170,交通运输,2387.21,2401.24,2382.86,2397.44,778777476.0,5824535805.63,0.45
189,1777200,2019-07-11,801170,交通运输,2401.84,2412.83,2380.45,2386.6,854696401.0,5985458944.71,-0.25
190,1776668,2019-07-10,801170,交通运输,2409.8,2412.63,2387.16,2392.52,872498218.0,6168425059.4,-0.52
191,1775336,2019-07-09,801170,交通运输,2402.49,2408.78,2390.48,2405.08,1100645022.0,7249206287.82,-0.03
192,1776136,2019-07-08,801170,交通运输,2465.27,2465.33,2396.14,2405.82,1587733686.0,10491241500.31,-2.86
193,1775869,2019-07-05,801170,交通运输,2467.68,2480.83,2455.68,2476.55,1348005429.0,9745062235.22,0.68
194,1774804,2019-07-04,801170,交通运输,2475.09,2478.87,2448.68,2459.87,1277070384.0,10371164931.83,-0.59
195,1774272,2019-07-03,801170,交通运输,2501.84,2501.84,2468.54,2474.45,1436740899.0,9768520702.3,-1.16
196,1773740,2019-07-02,801170,交通运输,2507.43,2508.14,2498.17,2503.46,1513806581.0,10897035139.31,-0.28
197,1773474,2019-07-01,801170,交通运输,2488.63,2514.22,2484.7,2510.42,1868740128.0,12832748123.6,2.36
198,1772942,2019-06-28,801170,交通运输,2453.59,2453.7,2418.76,2452.44,1436105435.0,8946048263.68,-0.16
199,1772410,2019-06-27,801170,交通运输,2438.92,2465.55,2438.78,2456.25,1256951525.0,8601374434.27,0.42
200,1771878,2019-06-26,801170,交通运输,2434.01,2452.76,2426.07,2445.94,980557774.0,6800464513.08,0.11
201,1771346,2019-06-25,801170,交通运输,2460.32,2460.4,2416.94,2443.36,1345311125.0,8976394963.51,-0.88
202,1770814,2019-06-24,801170,交通运输,2458.97,2468.07,2453.17,2465.16,1265494021.0,8662159616.33,0.13
203,1770282,2019-06-21,801170,交通运输,2453.1,2472.47,2451.28,2461.85,1783751899.0,11417088573.29,0.53
204,1769750,2019-06-20,801170,交通运输,2401.2,2461.67,2395.97,2448.84,1877215988.0,11923913993.43,1.76
205,1769218,2019-06-19,801170,交通运输,2404.27,2416.31,2397.3,2406.55,1917844230.0,11816369074.21,2.08
206,1768686,2019-06-18,801170,交通运输,2352.59,2362.95,2339.87,2357.52,895361736.0,5464398091.57,0.28
207,1768420,2019-06-17,801170,交通运输,2345.21,2357.12,2336.5,2350.85,859804198.0,5323712837.29,0.44
208,1767888,2019-06-14,801170,交通运输,2372.03,2384.58,2339.5,2340.45,1367808502.0,8169619678.42,-1.29
209,1767356,2019-06-13,801170,交通运输,2371.9,2379.14,2349.8,2371.06,1269934452.0,7507144500.03,-0.16
210,1766824,2019-06-12,801170,交通运输,2389.57,2391.35,2370.41,2374.81,1326506847.0,8182335528.95,-0.86
211,1766292,2019-06-11,801170,交通运输,2328.91,2396.06,2327.65,2395.49,1813528488.0,10614788079.32,2.98
212,1766026,2019-06-10,801170,交通运输,2307.2,2333.07,2293.03,2326.09,1164609493.0,7504670429.73,1.02
213,1751130,2019-06-06,801170,交通运输,2344.05,2344.05,2296.68,2302.5,1369068980.0,8412993930.7,-1.83
214,1750864,2019-06-05,801170,交通运输,2382.29,2387.28,2342.49,2345.46,1614488765.0,9854429157.03,-0.9
215,1750598,2019-06-04,801170,交通运输,2388.11,2388.11,2354.08,2366.79,1876766485.0,11710745249.54,-1.4
216,1750332,2019-06-03,801170,交通运输,2417.92,2433.29,2395.09,2400.46,2082190577.0,14070772117.06,0.31
217,1750066,2019-05-31,801170,交通运输,2396.61,2405.73,2387.61,2392.98,1504732292.0,9466709921.27,0.21
218,1749800,2019-05-30,801170,交通运输,2382.15,2387.96,2368.67,2387.96,1445753740.0,9562132001.16,-0.38
219,1749534,2019-05-29,801170,交通运输,2391.02,2412.31,2386.06,2396.98,1454278401.0,9550201046.9,-0.33
220,1749268,2019-05-28,801170,交通运输,2384.02,2420.4,2381.95,2404.97,1925615834.0,12553510451.64,0.79
221,1749002,2019-05-27,801170,交通运输,2355.81,2389.26,2336.09,2386.18,1506364661.0,9901731610.41,1.37
222,1748736,2019-05-24,801170,交通运输,2360.86,2379.45,2347.43,2353.89,1381451232.0,9101268387.35,-0.28
223,1748470,2019-05-23,801170,交通运输,2388.07,2388.31,2357.09,2360.5,1517442040.0,9560256205.91,-1.58
224,1748204,2019-05-22,801170,交通运输,2404.15,2414.43,2388.45,2398.29,1616500775.0,10440021893.06,-0.24
225,1747938,2019-05-21,801170,交通运输,2370.14,2413.08,2370.1,2404.12,1644309031.0,10738177623.94,1.61
226,1747672,2019-05-20,801170,交通运输,2397.44,2397.45,2335.32,2366.13,1753480016.0,11220872367.02,-1.57
227,1747406,2019-05-17,801170,交通运输,2468.12,2468.12,2395.85,2403.81,2522765037.0,15725912696.48,-2.75
228,1747140,2019-05-16,801170,交通运输,2450.33,2472.85,2440.32,2471.71,2219392379.0,14735129137.39,0.83
229,1746874,2019-05-15,801170,交通运输,2415.96,2461.79,2415.84,2451.38,2183561417.0,14153214373.97,2.28
230,1746608,2019-05-14,801170,交通运输,2401.17,2426.95,2395.92,2396.67,2043759686.0,13556059364.78,-1.51
231,330663,2019-05-13,801170,交通运输,2406.03,2439.47,2396.91,2433.53,2047659507.0,13303520061.46,-0.12
232,151695,2019-05-10,801170,交通运输,2371.29,2436.76,2336.83,2436.48,2349279149.0,14994676395.98,3.81
233,151667,2019-05-09,801170,交通运输,2368.63,2388.84,2345.2,2347.13,1559188656.0,10419179424.47,-1.96
234,151639,2019-05-08,801170,交通运输,2376.94,2422.74,2363.78,2393.98,1910983344.0,12103200654.12,-1.2
235,151611,2019-05-07,801170,交通运输,2402.02,2422.94,2379.09,2422.94,2176208743.0,13917017879.73,1.21
236,151583,2019-05-06,801170,交通运输,2474.56,2474.56,2376.47,2394.06,2908760677.0,18381297965.05,-6.94
237,151555,2019-04-30,801170,交通运输,2524.45,2573.08,2524.45,2572.61,2116403682.0,14517164174.75,1.44
238,151527,2019-04-29,801170,交通运输,2568.61,2578.23,2533.01,2536.07,2498334322.0,17202774994.76,-0.49
239,151499,2019-04-26,801170,交通运输,2572.27,2590.74,2548.44,2548.44,2208953912.0,15241333130.65,-1.39
240,151471,2019-04-25,801170,交通运输,2647.23,2651.4,2580.79,2584.49,2575247877.0,18072166303.55,-2.65
241,151443,2019-04-24,801170,交通运输,2656.29,2660.13,2619.38,2654.79,2197007262.0,16060061781.16,-0.16
242,151415,2019-04-23,801170,交通运输,2665.36,2689.09,2643.38,2659.0,2720280870.0,20319374727.22,-0.28
243,151387,2019-04-22,801170,交通运输,2713.61,2713.61,2658.04,2666.37,2857763166.0,20981558128.52,-1.52
244,151359,2019-04-19,801170,交通运输,2685.82,2707.95,2666.67,2707.47,2322825627.0,17437529281.38,0.5
245,151331,2019-04-18,801170,交通运输,2709.24,2717.45,2690.68,2694.02,3008535555.0,22114130864.38,-0.61
246,151303,2019-04-17,801170,交通运输,2698.18,2718.51,2689.19,2710.51,3165773137.0,22798731718.0,0.4
247,151275,2019-04-16,801170,交通运输,2648.61,2699.75,2637.59,2699.75,3107906665.0,21581871130.76,1.35
248,151247,2019-04-15,801170,交通运输,2691.33,2723.76,2663.02,2663.67,3693349718.0,26158121372.78,0.06
249,151219,2019-04-12,801170,交通运输,2655.24,2676.42,2642.89,2662.04,3171700011.0,21489632175.07,0.04
250,151191,2019-04-11,801170,交通运输,2709.49,2719.9,2658.92,2660.95,3549207303.0,25224672974.99,-1.7
251,151163,2019-04-10,801170,交通运输,2675.8,2720.27,2659.64,2706.84,3948221057.0,26952448795.75,0.38
252,151135,2019-04-09,801170,交通运输,2688.66,2713.59,2673.89,2696.62,3614511903.0,25074004374.53,-0.32
253,151107,2019-04-08,801170,交通运输,2747.91,2747.91,2672.25,2705.15,5557877758.0,38591730697.51,-2.15
254,151079,2019-04-04,801170,交通运输,2796.43,2809.34,2743.04,2764.48,5716712978.0,41139009869.51,2.39
255,151051,2019-04-03,801170,交通运输,2608.33,2702.45,2601.46,2699.86,4628610544.0,31201182516.37,3.29
256,151023,2019-04-02,801170,交通运输,2627.14,2634.31,2606.78,2613.79,3718388014.0,25369526159.92,-0.13
257,150995,2019-04-01,801170,交通运输,2556.42,2618.42,2556.41,2617.27,4328226437.0,29368972997.43,2.73
258,150967,2019-03-29,801170,交通运输,2471.34,2549.82,2471.3,2547.82,3991006326.0,24887682715.6,2.73
259,150939,2019-03-28,801170,交通运输,2478.46,2518.86,2466.99,2480.15,3405956199.0,20493557956.01,-0.29
260,150911,2019-03-27,801170,交通运输,2456.72,2487.3,2445.77,2487.3,2915491351.0,18227399872.12,1.59
261,150883,2019-03-26,801170,交通运输,2499.63,2506.3,2441.11,2448.27,3255407564.0,19559169869.42,-1.92
262,150855,2019-03-25,801170,交通运输,2509.67,2530.9,2496.32,2496.32,3172968656.0,20856032197.15,-2.1
263,150827,2019-03-22,801170,交通运输,2508.28,2554.03,2495.97,2549.81,3525887635.0,23186795247.75,1.43
264,150799,2019-03-21,801170,交通运输,2513.99,2527.71,2506.57,2513.77,3234433299.0,22547788039.91,0.51
265,150771,2019-03-20,801170,交通运输,2491.2,2500.95,2465.34,2500.95,2767036131.0,18385849849.79,0.2
266,150743,2019-03-19,801170,交通运输,2502.26,2508.74,2483.16,2496.04,2582943321.0,18153126143.03,0.04
267,150715,2019-03-18,801170,交通运输,2450.49,2495.06,2430.08,2495.06,2847773096.0,19686643689.8,1.99
268,150687,2019-03-15,801170,交通运输,2418.48,2465.91,2418.16,2446.47,2671996298.0,18221061723.79,1.53
269,150659,2019-03-14,801170,交通运输,2430.06,2454.7,2390.66,2409.68,2929765859.0,19792512507.28,-1.2
270,150631,2019-03-13,801170,交通运输,2463.47,2478.95,2426.22,2438.89,3394187678.0,23658982734.47,-1.26
271,150603,2019-03-12,801170,交通运输,2468.34,2488.09,2441.44,2470.1,3778659684.0,24893773206.62,0.93
272,150575,2019-03-11,801170,交通运输,2372.12,2447.34,2372.12,2447.34,3351090538.0,21474343569.83,3.44
273,150547,2019-03-08,801170,交通运输,2450.98,2461.05,2365.86,2365.9,4178464112.0,27159820055.89,-4.83
274,150519,2019-03-07,801170,交通运输,2463.17,2500.11,2451.98,2486.03,3950049896.0,24603275523.19,0.88
275,150491,2019-03-06,801170,交通运输,2425.39,2464.26,2414.56,2464.26,3862597674.0,24100727361.83,1.62
276,150463,2019-03-05,801170,交通运输,2400.73,2424.89,2387.09,2424.89,2704568960.0,17880675700.26,0.76
277,150435,2019-03-04,801170,交通运输,2399.29,2443.38,2389.36,2406.58,3372113609.0,22186114155.46,0.88
278,150407,2019-03-01,801170,交通运输,2371.9,2385.57,2346.4,2385.57,2092912682.0,13259805576.22,0.79
279,150379,2019-02-28,801170,交通运输,2371.45,2385.64,2357.67,2366.88,2379051545.0,14637773726.35,-0.18
280,150351,2019-02-27,801170,交通运输,2368.05,2399.1,2351.66,2371.17,3396007820.0,19776664128.38,-0.06
281,150323,2019-02-26,801170,交通运输,2383.72,2411.72,2359.9,2372.56,4350141570.0,24887142238.89,-0.25
282,150295,2019-02-25,801170,交通运输,2302.65,2378.55,2302.65,2378.55,3912902802.0,24493496897.92,4.84
283,150267,2019-02-22,801170,交通运输,2223.13,2268.76,2218.24,2268.76,2031239297.0,12398476786.36,1.81
284,150239,2019-02-21,801170,交通运输,2236.51,2261.05,2218.7,2228.48,2131038011.0,13492119405.27,-0.33
285,150211,2019-02-20,801170,交通运输,2228.78,2236.04,2215.95,2235.89,2018074101.0,13156353249.29,0.6
286,150183,2019-02-19,801170,交通运输,2218.79,2238.71,2206.68,2222.46,2425439993.0,15393904421.41,0.89
287,150155,2019-02-18,801170,交通运输,2166.53,2202.84,2166.5,2202.84,1813629004.0,11334681082.11,2.22
288,150127,2019-02-15,801170,交通运输,2173.68,2174.35,2151.23,2154.93,1463895627.0,9107325432.9,-0.97
289,150099,2019-02-14,801170,交通运输,2164.41,2183.61,2160.04,2175.99,1483336238.0,9285512103.74,0.52
290,150071,2019-02-13,801170,交通运输,2136.46,2169.12,2132.99,2164.71,1549125195.0,9683843289.1,1.3
291,150043,2019-02-12,801170,交通运输,2111.11,2136.97,2109.91,2136.97,1376135774.0,8632195430.82,1.01
292,150015,2019-02-11,801170,交通运输,2079.57,2115.56,2079.53,2115.56,1109885731.0,6827369090.89,1.53
293,149987,2019-02-01,801170,交通运输,2058.56,2083.72,2055.93,2083.72,960395959.0,5662555849.08,1.54
294,149959,2019-01-31,801170,交通运输,2062.71,2073.39,2044.76,2052.14,1124250942.0,6390605221.71,-0.74
295,149931,2019-01-30,801170,交通运输,2071.89,2087.16,2066.07,2067.46,892957799.0,5746725070.2,-0.62
296,149903,2019-01-29,801170,交通运输,2088.33,2088.37,2050.74,2080.4,1141594951.0,6622250283.94,-0.61
297,149875,2019-01-28,801170,交通运输,2098.24,2116.66,2086.9,2093.21,1272914152.0,8047704044.07,0.17
298,149847,2019-01-25,801170,交通运输,2086.91,2102.03,2086.45,2089.68,1040031436.0,6349479283.48,0.05
299,149819,2019-01-24,801170,交通运输,2085.66,2093.77,2073.04,2088.57,870846828.0,5910847224.05,0.19
300,149791,2019-01-23,801170,交通运输,2083.0,2088.57,2076.69,2084.66,804592015.0,5057956735.63,-0.06
301,149763,2019-01-22,801170,交通运输,2110.49,2110.53,2080.78,2085.91,888981574.0,5945196279.56,-1.28
302,149735,2019-01-21,801170,交通运输,2105.87,2123.97,2105.86,2112.97,928675519.0,6455853689.62,0.47
303,149707,2019-01-18,801170,交通运输,2077.69,2106.44,2075.3,2103.1,959044222.0,6530033860.5,1.34
304,149679,2019-01-17,801170,交通运输,2086.21,2090.57,2074.14,2075.2,891881885.0,5852772068.84,-0.54
305,149651,2019-01-16,801170,交通运输,2084.8,2089.29,2079.27,2086.39,786703299.0,5520054659.91,-0.04
306,149623,2019-01-15,801170,交通运输,2072.03,2088.11,2068.95,2087.17,815712772.0,5400449974.01,0.77
307,149595,2019-01-14,801170,交通运输,2090.02,2090.14,2069.14,2071.24,817523610.0,5236264462.44,-0.9
308,149567,2019-01-11,801170,交通运输,2073.29,2090.55,2066.96,2090.02,1053138940.0,6532672146.86,0.87
309,149539,2019-01-10,801170,交通运输,2081.98,2088.28,2069.47,2072.09,1042411493.0,5997593309.44,-0.42
310,149511,2019-01-09,801170,交通运输,2069.53,2102.53,2069.47,2080.77,1243444932.0,7183715004.62,0.46
311,149483,2019-01-08,801170,交通运输,2067.69,2079.87,2060.51,2071.24,1166381207.0,6180033734.52,0.0
312,149455,2019-01-07,801170,交通运输,2054.61,2071.8,2048.67,2071.21,1052060903.0,6300539349.01,1.22
313,149427,2019-01-04,801170,交通运输,1999.5,2046.27,1995.21,2046.18,916313509.0,5424827625.33,1.52
314,149399,2019-01-03,801170,交通运输,2017.48,2034.53,2011.76,2015.56,713421660.0,4637670478.86,-0.26
315,149371,2019-01-02,801170,交通运输,2031.68,2031.68,2013.47,2020.74,622719895.0,4132200048.73,-0.48
316,149343,2018-12-28,801170,交通运输,2030.84,2033.98,2016.99,2030.54,684113434.0,5083119621.56,0.15
317,149315,2018-12-27,801170,交通运输,2061.82,2064.58,2027.0,2027.49,758571891.0,5257590562.88,-0.79
318,149287,2018-12-26,801170,交通运输,2042.67,2052.91,2039.16,2043.71,677256966.0,4614808186.87,-0.13
319,149259,2018-12-25,801170,交通运输,2047.27,2050.35,2012.89,2046.33,942188378.0,6168708254.0,-0.59
320,149231,2018-12-24,801170,交通运输,2040.93,2059.03,2040.61,2058.41,604449636.0,4085926585.53,0.61
321,149203,2018-12-21,801170,交通运输,2060.16,2062.91,2034.73,2045.85,742182681.0,4975873076.11,-0.99
322,149175,2018-12-20,801170,交通运输,2065.76,2070.39,2051.69,2066.25,764204893.0,5211809558.6,-0.33
323,149147,2018-12-19,801170,交通运输,2093.56,2093.97,2070.35,2073.01,899324811.0,6184827447.07,-0.59
324,149119,2018-12-18,801170,交通运输,2086.52,2100.81,2069.61,2085.3,984585546.0,6425167828.65,-0.45
325,149091,2018-12-17,801170,交通运输,2094.97,2100.94,2078.56,2094.62,889671255.0,5958225889.3,-0.22
326,149063,2018-12-14,801170,交通运输,2132.07,2134.52,2098.72,2099.26,1009119368.0,6396187937.43,-1.83
327,149035,2018-12-13,801170,交通运输,2116.22,2148.29,2110.41,2138.46,958667875.0,6122389080.52,1.31
328,149007,2018-12-12,801170,交通运输,2122.05,2122.05,2106.43,2110.88,649220752.0,4529844028.97,-0.02
329,148979,2018-12-11,801170,交通运输,2106.2,2114.68,2102.1,2111.32,669933172.0,4235218054.01,0.48
330,148951,2018-12-10,801170,交通运输,2109.36,2117.81,2097.54,2101.21,782275428.0,4869100666.74,-1.32
331,148923,2018-12-07,801170,交通运输,2124.5,2130.7,2116.44,2129.24,759431223.0,4758335820.23,0.4
332,148895,2018-12-06,801170,交通运输,2152.54,2152.72,2119.89,2120.75,1056626427.0,6748139392.8,-2.14
333,148867,2018-12-05,801170,交通运输,2158.06,2178.3,2152.88,2167.19,1162529486.0,7502563903.11,-1.09
334,148839,2018-12-04,801170,交通运输,2168.43,2191.73,2163.15,2191.11,1320779966.0,8784531898.34,0.86
335,148811,2018-12-03,801170,交通运输,2169.18,2177.84,2157.06,2172.48,1684059527.0,10783606072.95,2.79
336,148783,2018-11-30,801170,交通运输,2086.01,2113.78,2081.8,2113.6,977242832.0,6330210296.32,0.98
337,148755,2018-11-29,801170,交通运输,2140.78,2143.1,2092.32,2093.0,1163889632.0,7510688235.49,-1.77
338,148727,2018-11-28,801170,交通运输,2104.71,2130.8,2082.86,2130.79,1185972625.0,7102775350.54,1.23
339,148699,2018-11-27,801170,交通运输,2124.79,2127.33,2097.1,2104.94,993481866.0,6509638127.69,-0.69
340,148671,2018-11-26,801170,交通运输,2127.81,2144.47,2113.64,2119.59,1203550481.0,7981321531.74,0.08
341,148643,2018-11-23,801170,交通运输,2170.45,2171.69,2114.28,2117.92,1608630388.0,10578766806.58,-2.64
342,148615,2018-11-22,801170,交通运输,2183.31,2187.87,2170.69,2175.42,1530455283.0,10482205102.87,-0.35
343,148587,2018-11-21,801170,交通运输,2151.96,2182.96,2151.36,2182.96,1574828889.0,10549024853.88,0.95
344,148559,2018-11-20,801170,交通运输,2193.35,2198.64,2162.15,2162.38,1703241560.0,11145117198.06,-2.21
345,148531,2018-11-19,801170,交通运输,2207.04,2213.01,2189.95,2211.24,1715330154.0,10863155141.62,0.28
346,148503,2018-11-16,801170,交通运输,2185.8,2215.7,2182.17,2205.02,1853534649.0,12526064366.37,0.92
347,148475,2018-11-15,801170,交通运输,2160.87,2184.97,2157.09,2184.97,1534290776.0,9923051121.67,0.99
348,148447,2018-11-14,801170,交通运输,2182.07,2190.12,2158.79,2163.65,2069655761.0,12742801808.99,0.23
349,148419,2018-11-13,801170,交通运输,2100.62,2165.98,2096.97,2158.72,1939930643.0,11727977021.01,1.66
350,148391,2018-11-12,801170,交通运输,2088.36,2124.51,2086.99,2123.56,1215354879.0,7533969210.21,1.71
351,148363,2018-11-09,801170,交通运输,2101.31,2101.55,2082.32,2087.82,917460837.0,6350123401.71,-0.99
352,148335,2018-11-08,801170,交通运输,2139.42,2140.84,2106.58,2108.6,1071889177.0,7376845369.06,-0.68
353,148307,2018-11-07,801170,交通运输,2138.88,2147.5,2122.94,2123.03,1232038612.0,8571681454.37,-0.71
354,148279,2018-11-06,801170,交通运输,2140.21,2140.21,2121.95,2138.31,1195394792.0,8717543139.35,-0.27
355,148251,2018-11-05,801170,交通运输,2156.03,2157.55,2126.95,2144.07,1560290584.0,10848041244.86,-0.63
356,148223,2018-11-02,801170,交通运输,2137.4,2157.72,2123.01,2157.72,1968003522.0,13980468234.51,3.71
357,148195,2018-11-01,801170,交通运输,2072.0,2100.0,2067.31,2080.45,1373628690.0,9560221625.07,0.87
358,148167,2018-10-31,801170,交通运输,2032.94,2066.43,2032.8,2062.41,1168606158.0,7936272341.9,1.52
359,148139,2018-10-30,801170,交通运输,2008.31,2039.75,1993.04,2031.56,992626854.0,6739384674.46,1.04
360,148111,2018-10-29,801170,交通运输,2047.87,2048.77,2002.01,2010.57,911713716.0,6665348630.69,-2.36
361,148083,2018-10-26,801170,交通运输,2071.39,2084.28,2048.35,2059.11,1023148538.0,6991640728.73,-0.13
362,148055,2018-10-25,801170,交通运输,2017.12,2064.73,2006.1,2061.74,1061384376.0,6957301537.12,-0.46
363,148027,2018-10-24,801170,交通运输,2071.26,2095.1,2061.82,2071.36,1065469289.0,7378997161.71,-0.23
364,147999,2018-10-23,801170,交通运输,2105.57,2112.99,2064.12,2076.05,1375063496.0,9166472241.25,-1.46
